TAID,Name,IUPAC Name,PubChem CID,Canonical SMILES,InChIKey,Toxicity Value
TOX-28,nitroglycerin,"1,3-dinitrooxypropan-2-yl nitrate",4510,O=[N+]([O-])OCC(CO[N+](=O)[O-])O[N+](=O)[O-],SNIOPGDIGTZGOP-UHFFFAOYSA-N,32.00353195
TOX-475,,"4-(2,4,4-trimethylpentan-2-yl)phenol",8814,CC(C)(C)CC(C)(C)c1ccc(O)cc1,ISAVYTVYFVQUDY-UHFFFAOYSA-N,0.090061926
TOX-593,diethylstilbestrol,4-[(E)-4-(4-hydroxyphenyl)hex-3-en-3-yl]phenol,448537,CC/C(=C(/CC)c1ccc(O)cc1)c1ccc(O)cc1,RGLYKWWBQGJZGM-ISLYRVAYSA-N,1.144513112
TOX-672,menadione,"2-methylnaphthalene-1,4-dione",4055,CC1=CC(=O)c2ccccc2C1=O,MJVAVZPDRWSRRC-UHFFFAOYSA-N,0.490888212
TOX-877,PIPERONYL BUTOXIDE,"5-[2-(2-butoxyethoxy)ethoxymethyl]-6-propyl-1,3-benzodioxole",5794,CCCCOCCOCCOCc1cc2c(cc1CCC)OCO2,FIPWRIJSWJWJAI-UHFFFAOYSA-N,1.73153173
TOX-901,,,,,,11923.89663
TOX-913,malathion,diethyl 2-dimethoxyphosphinothioylsulfanylbutanedioate,4004,CCOC(=O)CC(SP(=S)(OC)OC)C(=O)OCC,JXSJBGJIGXNWCI-UHFFFAOYSA-N,0.007261729
TOX-1045,dimethyl sulfoxide,methylsulfinylmethane,679,CS(C)=O,IAZDPXIOMUYVGZ-UHFFFAOYSA-N,24996.16639
TOX-1146,EPICHLOROHYDRIN,2-(chloromethyl)oxirane,7835,ClCC1CO1,BRLQWZUYTZBJKN-UHFFFAOYSA-N,23.23997862
TOX-1156,pyrimethamine,"5-(4-chlorophenyl)-6-ethylpyrimidine-2,4-diamine",4993,CCc1nc(N)nc(N)c1-c1ccc(Cl)cc1,WKSAUQYGYAYLPV-UHFFFAOYSA-N,5.803543547
TOX-1192,Permethrin,"(3-phenoxyphenyl)methyl 3-(2,2-dichloroethenyl)-2,2-dimethylcyclopropane-1-carboxylate",40326,CC1(C)C(C=C(Cl)Cl)C1C(=O)OCc1cccc(Oc2ccccc2)c1,RLLPVAHGXHCWKJ-UHFFFAOYSA-N,0.004903541
TOX-1253,disulfiram,"diethylcarbamothioylsulfanyl N,N-diethylcarbamodithioate",3117,CCN(CC)C(=S)SSC(=S)N(CC)CC,AUZONCFQVSMFAP-UHFFFAOYSA-N,0.119956724
TOX-1273,lindane,"1,2,3,4,5,6-hexachlorocyclohexane",727,ClC1C(Cl)C(Cl)C(Cl)C(Cl)C1Cl,JLYXXMFPNIAWKQ-UHFFFAOYSA-N,1.788934346
TOX-1698,,chromen-2-one,323,O=c1ccc2ccccc2o1,ZYGHJZDHTFUPRJ-UHFFFAOYSA-N,13.51354223
TOX-1704,LIMONENE,1-methyl-4-prop-1-en-2-ylcyclohexene,22311,C=C(C)C1CC=C(C)CC1,XMGQYMWWDOXHJM-UHFFFAOYSA-N,0.030993645
TOX-1705,naphthalene,naphthalene,931,c1ccc2ccccc2c1,UFWIBTONFRDIAS-UHFFFAOYSA-N,11.3968881
TOX-1708,,,,,,44.99387857
TOX-1710,,"1,3-dinitrobenzene",7452,O=[N+]([O-])c1cccc([N+](=O)[O-])c1,WDCYWAQPCXBPJA-UHFFFAOYSA-N,43.01238734
TOX-1712,,"2-methyl-1,3,5-trinitrobenzene",8376,Cc1c([N+](=O)[O-])cc([N+](=O)[O-])cc1[N+](=O)[O-],SPSSULHKWOKEEL-UHFFFAOYSA-N,8.856754383
TOX-1713,,"2,4-dinitrophenol",1493,O=[N+]([O-])c1ccc(O)c([N+](=O)[O-])c1,UFBJCMHMOXMLKC-UHFFFAOYSA-N,4.710612476
TOX-1717,,naphthalen-2-ol,8663,Oc1ccc2ccccc2c1,JWAZRIHNYRIHIV-UHFFFAOYSA-N,3.538953029
TOX-1765,atrazine,"6-chloro-4-N-ethyl-2-N-propan-2-yl-1,3,5-triazine-2,4-diamine",2256,CCNc1nc(Cl)nc(NC(C)C)n1,MXWJVTOOROXGIU-UHFFFAOYSA-N,9.393117929
TOX-1810,Carbendazim,methyl N-(1H-benzimidazol-2-yl)carbamate,25429,COC(=O)Nc1nc2ccccc2[nH]1,TWFZGCMQGLPBSX-UHFFFAOYSA-N,0.102911776
TOX-1839,chlordecone,"1,2,3,4,6,7,8,9,10,10-decachloropentacyclo[5.3.0.02,6.03,9.04,8]decan-5-one",299,O=C1C2(Cl)C3(Cl)C4(Cl)C(Cl)(Cl)C5(Cl)C3(Cl)C1(Cl)C5(Cl)C24Cl,LHHGDZSESBACKH-UHFFFAOYSA-N,0.198028384
TOX-1869,P-CRESOL,4-methylphenol,2879,Cc1ccc(O)cc1,IWDCLRJOBJJRNH-UHFFFAOYSA-N,21.0856195
TOX-1878,,"1,4-dichlorobenzene",4685,Clc1ccc(Cl)cc1,OCJBOOLMMGQPQU-UHFFFAOYSA-N,10.89725804
TOX-1912,DIQUAT,"7,10-diazoniatricyclo[8.4.0.02,7]tetradeca-1(14),2,4,6,10,12-hexaene",6795,c1cc[n+]2c(c1)-c1cccc[n+]1CC2,SYJFEGQWDCRVNX-UHFFFAOYSA-N,1.340861512
TOX-1954,,,,,,230.5365339
TOX-2002,heptachlor,"1,5,7,8,9,10,10-heptachlorotricyclo[5.2.1.02,6]deca-3,8-diene",3589,ClC1=C(Cl)C2(Cl)C3C(Cl)C=CC3C1(Cl)C2(Cl)Cl,FRCCEHPWNOQAEU-UHFFFAOYSA-N,0.114830668
TOX-2069,methoxychlor,"1-methoxy-4-[2,2,2-trichloro-1-(4-methoxyphenyl)ethyl]benzene",4115,COc1ccc(C(c2ccc(OC)cc2)C(Cl)(Cl)Cl)cc1,IAKOZHOLGAGEJT-UHFFFAOYSA-N,0.015979888
TOX-2070,,N-methylaniline,7515,CNc1ccccc1,AFBPFSWMIHJQDM-UHFFFAOYSA-N,0.173377316
TOX-2121,,"1,2-dichlorobenzene",7239,Clc1ccccc1Cl,RFFLAFLAYFXFSW-UHFFFAOYSA-N,2.297825976
TOX-2156,phenol,phenol,996,Oc1ccccc1,ISWSIDIOOBJBQZ-UHFFFAOYSA-N,13.29339389
TOX-2159,Isothiocyanatobenzene,isothiocyanatobenzene,7673,S=C=Nc1ccccc1,QKFJKGMPGYROCL-UHFFFAOYSA-N,0.099987237
TOX-2161,,,,,,84.92295336
TOX-2190,,pyridine,1049,c1ccncc1,JUJWROOIHBZHMG-UHFFFAOYSA-N,1172.671805
TOX-2235,STYRENE,styrene,7501,C=Cc1ccccc1,PPBRXRYQALVLMV-UHFFFAOYSA-N,36.86882307
TOX-2359,,4-bromophenol,7808,Oc1ccc(Br)cc1,GZFGOTFRPZRKDS-UHFFFAOYSA-N,5.943893319
TOX-2390,,"1,1,2-trichloroethane",6574,ClCC(Cl)Cl,UBOXGVDOUJQMTN-UHFFFAOYSA-N,42.96904778
TOX-2407,acetone,propan-2-one,180,CC(C)=O,CSCPPACGZOOCGX-UHFFFAOYSA-N,12360.23186
TOX-2497,Bromoform,bromoform,5558,BrC(Br)Br,DIKBFYAXUHHXCS-UHFFFAOYSA-N,45.9892998
TOX-2535,,,,,,66.51127816
TOX-2608,Biphenyl,"1,1'-biphenyl",7095,c1ccc(-c2ccccc2)cc1,ZUOUZKKEUPVFJK-UHFFFAOYSA-N,1.901571401
TOX-2920,PENTACHLOROETHANE,"1,1,1,2,2-pentachloroethane",6419,ClC(Cl)C(Cl)(Cl)Cl,BNIXVQGCZULYKV-UHFFFAOYSA-N,7.998268566
TOX-2968,,,,,,49.96903629
TOX-2969,,"1,2-dichloropropane",6564,CC(Cl)CCl,KNKRKFALVUDBJE-UHFFFAOYSA-N,55.84722142
TOX-3073,CARBON TETRACHLORIDE,tetrachloromethane,5943,ClC(Cl)(Cl)Cl,VZGDMQKNWNREIO-UHFFFAOYSA-N,34.99100654
TOX-3074,TETRACHLOROETHYLENE,"1,1,2,2-tetrachloroethene",31373,ClC(Cl)=C(Cl)Cl,CYTYCFOTNPOANT-UHFFFAOYSA-N,18.01293684
TOX-3122,Vinylidene chloride,"1,1-dichloroethene",6366,C=C(Cl)Cl,LGXVIGDEPROXKC-UHFFFAOYSA-N,30.23451563
TOX-3146,toluene,toluene,1140,Cc1ccccc1,YXFVVABEGXRONW-UHFFFAOYSA-N,97.59966071
TOX-3150,guaiacol,2-methoxyphenol,460,COc1ccccc1O,LHGVFZTZFXWLCP-UHFFFAOYSA-N,25.9365162
TOX-3151,,4-chlorophenol,4684,Oc1ccc(Cl)cc1,WXNZTHHGJRFXKQ-UHFFFAOYSA-N,4.820276834
TOX-3156,thiram,"dimethylcarbamothioylsulfanyl N,N-dimethylcarbamodithioate",5455,CN(C)C(=S)SSC(=S)N(C)C,KUAZQDVKQLNFPE-UHFFFAOYSA-N,0.209862317
TOX-3892,,"1,2-dichloroethane",11,ClCCCl,WSLDOOZREJYCGB-UHFFFAOYSA-N,294.0760705
TOX-3895,,"bis(2-ethylhexyl) benzene-1,2-dicarboxylate",8343,CCCCC(CC)COC(=O)c1ccccc1C(=O)OCC(CC)CCCC,BJQHLKABXJIVAM-UHFFFAOYSA-N,11.00859866
TOX-3906,ETHYLENE GLYCOL,"ethane-1,2-diol",174,OCCO,LYCAIKOWRPUZTN-UHFFFAOYSA-N,47411.28709
TOX-3980,THIOACETAMIDE,ethanethioamide,2723949,CC(N)=S,YUKQRDCYNOVPGJ-UHFFFAOYSA-N,17.4129034
TOX-3982,TRICHLOROETHYLENE,"1,1,2-trichloroethene",6575,ClC=C(Cl)Cl,XSTXAVWGXDQKEL-UHFFFAOYSA-N,55.02109859
TOX-3989,,"3,5-dichloroaniline",12281,Nc1cc(Cl)cc(Cl)c1,UQRLKWGPEVNVHT-UHFFFAOYSA-N,1.120835872
TOX-4004,CARBARYL,naphthalen-1-yl N-methylcarbamate,6129,CNC(=O)Oc1cccc2ccccc12,CVXBEEMKQHEXEN-UHFFFAOYSA-N,0.999243299
TOX-4113,TRICHLORFON,"2,2,2-trichloro-1-dimethoxyphosphorylethanol",5853,COP(=O)(OC)C(O)C(Cl)(Cl)Cl,NFACJZMKEDPNKN-UHFFFAOYSA-N,0.000210213
TOX-4135,D-Limonene,(4R)-1-methyl-4-prop-1-en-2-ylcyclohexene,440917,C=C(C)[C@H]1CC=C(C)CC1,XMGQYMWWDOXHJM-JTQLQIEISA-N,0.729915955
TOX-4170,Clofenotane,"1-chloro-4-[2,2,2-trichloro-1-(4-chlorophenyl)ethyl]benzene",3036,Clc1ccc(C(c2ccc(Cl)cc2)C(Cl)(Cl)Cl)cc1,YVGGHNCTFXOJCH-UHFFFAOYSA-N,0.012012031
TOX-4304,parathion,diethoxy-(4-nitrophenoxy)-sulfanylidene-lambda5-phosphane,991,CCOP(=S)(OCC)Oc1ccc([N+](=O)[O-])cc1,LCCNCVORNKJIRZ-UHFFFAOYSA-N,0.001567764
TOX-4305,,benzo[a]anthracene,5954,c1ccc2cc3c(ccc4ccccc43)cc2c1,DXBHBZVCASKNBY-UHFFFAOYSA-N,0.137881504
TOX-4324,,"2,3,4,6-tetrachlorophenol",6028,Oc1c(Cl)cc(Cl)c(Cl)c1Cl,,0.228718213
TOX-4332,,4-chloro-3-methylphenol,1732,Cc1cc(O)ccc1Cl,CFKMVGJGLGKFKI-UHFFFAOYSA-N,2.000130859
TOX-4351,dimethoate,2-dimethoxyphosphinothioylsulfanyl-N-methylacetamide,3082,CNC(=O)CSP(=S)(OC)OC,MCWXGJITAZMZEV-UHFFFAOYSA-N,1.649696127
TOX-4353,ENDRIN,"3,4,5,6,13,13-hexachloro-10-oxapentacyclo[6.3.1.13,6.02,7.09,11]tridec-4-ene",3048,ClC1=C(Cl)C2(Cl)C3C4CC(C5OC45)C3C1(Cl)C2(Cl)Cl,DFBKLUNHFCTMDC-UHFFFAOYSA-N,0.142170985
TOX-4369,THIOUREA,thiourea,2723790,NC(N)=S,UMGDCJDMYOKAJW-UHFFFAOYSA-N,9.005312322
TOX-4374,dichlorvos,"2,2-dichloroethenyl dimethyl phosphate",3039,COP(=O)(OC)OC=C(Cl)Cl,OEBRKCOSUFCWJD-UHFFFAOYSA-N,8.50E-05
TOX-4406,HEXANAL,hexanal,6184,CCCCCC=O,JARKCYVAAOWBJS-UHFFFAOYSA-N,9.155758227
TOX-4430,,,,,,3286.393751
TOX-4433,HEXACHLOROETHANE,"1,1,1,2,2,2-hexachloroethane",6214,ClC(Cl)(Cl)C(Cl)(Cl)Cl,VHHHONWQHHHLTI-UHFFFAOYSA-N,2.69897249
TOX-4437,,"N,N-dimethylformamide",6228,CN(C)C=O,ZMXDDKWLCZADIW-UHFFFAOYSA-N,14383.28189
TOX-4464,,propan-1-ol,1031,CCCO,BDERNNFJNOPAEC-UHFFFAOYSA-N,6837.13983
TOX-4469,,"1,1,1-trichloroethane",6278,CC(Cl)(Cl)Cl,UOCLXMDMGBRAIB-UHFFFAOYSA-N,11.19839106
TOX-4492,Bromomethane,bromomethane,6323,CBr,GZUXJHMPEANEGY-UHFFFAOYSA-N,2.200133467
TOX-4496,dimethylamine,N-methylmethanamine,674,CNC,ROSDSFDQCJNGOL-UHFFFAOYSA-N,50.00161219
TOX-4501,ACETONITRILE,acetonitrile,6342,CC#N,WEVYAHXRMPXWCK-UHFFFAOYSA-N,3600.088371
TOX-4503,Ethanethiol,ethanethiol,6343,CCS,DNJIEGIFACGWOD-UHFFFAOYSA-N,0.16996952
TOX-4504,,,,,,219.8169735
TOX-4509,Oxirane,oxirane,6354,C1CO1,IAYPIBMASNFSPL-UHFFFAOYSA-N,199.9613282
TOX-4558,HEXACHLOROCYCLOPENTADIENE,"1,2,3,4,5,5-hexachlorocyclopenta-1,3-diene",6478,ClC1=C(Cl)C(Cl)(Cl)C(Cl)=C1Cl,VUNCWTMEJYMOOR-UHFFFAOYSA-N,0.045169394
TOX-4568,DICYCLOPENTADIENE,"tricyclo[5.2.1.02,6]deca-3,8-diene",6492,C1=CC2C3C=CC(C3)C2C1,HECLRDQVFMWTQS-UHFFFAOYSA-N,10.50102168
TOX-4609,ISOPHORONE,"3,5,5-trimethylcyclohex-2-en-1-one",6544,CC1=CC(=O)CC(C)(C)C1,HJOVHMDZYOCNQW-UHFFFAOYSA-N,120.0989933
TOX-4621,,2-methylpropan-1-ol,6560,CC(C)CO,ZXEKIIBDNHEJCQ-UHFFFAOYSA-N,1106.459216
TOX-4633,,"1,1-dichloropropane",6573,CCC(Cl)Cl,WIHMGGWNMISDNJ-UHFFFAOYSA-N,23.01450139
TOX-4635,ACRYLAMIDE,prop-2-enamide,6579,C=CC(N)=O,HRPVXLWXLXDGHG-UHFFFAOYSA-N,159.8628014
TOX-4646,,"1,1,2,2-tetrachloroethane",6591,ClC(Cl)C(Cl)Cl,QPFMBZIOSGYJDE-UHFFFAOYSA-N,56.98910762
TOX-4657,CAMPHENE,"2,2-dimethyl-3-methylidenebicyclo[2.2.1]heptane",6616,C=C1C2CCC(C2)C1(C)C,CRPUJAZIXJMDBK-UHFFFAOYSA-N,21.99240156
TOX-4664,Bisphenol A,4-[2-(4-hydroxyphenyl)propan-2-yl]phenol,6623,CC(C)(c1ccc(O)cc1)c1ccc(O)cc1,IISBACLAFKSPIT-UHFFFAOYSA-N,12.80816719
TOX-4684,ALPHA-PINENE,"2,6,6-trimethylbicyclo[3.1.1]hept-2-ene",6654,CC1=CCC2CC1C2(C)C,GRWFGVWFFZKLTI-UHFFFAOYSA-N,40.95176804
TOX-4732,ACENAPHTHENE,"1,2-dihydroacenaphthylene",6734,c1cc2c3c(cccc3c1)CC2,CWRYPZZKDGJXCA-UHFFFAOYSA-N,0.644335912
TOX-4735,,1-chloro-2-methyl-3-nitrobenzene,6740,Cc1c(Cl)cccc1[N+](=O)[O-],XCSNRORTQRKCHB-UHFFFAOYSA-N,4.202101743
TOX-4758,DIETHYL PHTHALATE,"diethyl benzene-1,2-dicarboxylate",6781,CCOC(=O)c1ccccc1C(=O)OCC,FLKPEMZONWLCSK-UHFFFAOYSA-N,54.1779201
TOX-4761,dibutyl phthalate,"dibutyl benzene-1,2-dicarboxylate",3026,CCCCOC(=O)c1ccccc1C(=O)OCCCC,DOIRQSBPFJWKBE-UHFFFAOYSA-N,3.70318768
TOX-4770,PHENANTHRENE,phenanthrene,995,c1ccc2c(c1)ccc1ccccc12,YNPNZTXNASCQKK-UHFFFAOYSA-N,0.767327225
TOX-4782,Benzyl butyl phthalate,"2-O-benzyl 1-O-butyl benzene-1,2-dicarboxylate",2347,CCCCOC(=O)c1ccccc1C(=O)OCc1ccccc1,IRIAEXORFWYRCZ-UHFFFAOYSA-N,12.87392057
TOX-4841,pentachlorophenol,"2,3,4,5,6-pentachlorophenol",992,Oc1c(Cl)c(Cl)c(Cl)c(Cl)c1Cl,IZUPBVBPLAPZRR-UHFFFAOYSA-N,0.800518488
TOX-4847,,"2,4,6-trichlorophenol",6914,Oc1c(Cl)cc(Cl)cc1Cl,LINPIYWFGCPVIE-UHFFFAOYSA-N,1.407172529
TOX-4867,,1-methyl-2-nitrobenzene,6944,Cc1ccccc1[N+](=O)[O-],PLAZTCDQAHEYBI-UHFFFAOYSA-N,9.843828644
TOX-4868,,1-chloro-2-nitrobenzene,6945,O=[N+]([O-])c1ccccc1Cl,BFCFYVKQTRLZHA-UHFFFAOYSA-N,34.30982536
TOX-4870,,2-nitrophenol,6947,O=[N+]([O-])c1ccccc1O,IQUPABOKLQSFBK-UHFFFAOYSA-N,13.16309909
TOX-4872,DINOSEB,"2-butan-2-yl-4,6-dinitrophenol",6950,CCC(C)c1cc([N+](=O)[O-])cc([N+](=O)[O-])c1O,OWZPCEFYPSAJFR-UHFFFAOYSA-N,0.24021
TOX-4884,,"1,4-dichloro-2-nitrobenzene",6977,O=[N+]([O-])c1cc(Cl)ccc1Cl,RZKKOBGFCAHLCZ-UHFFFAOYSA-N,10.99768126
TOX-4895,SALICYLALDEHYDE,2-hydroxybenzaldehyde,6998,O=Cc1ccccc1O,SMQUZDBALVYZAC-UHFFFAOYSA-N,4.100027745
TOX-4897,O-ANISIDINE,2-methoxyaniline,7000,COc1ccccc1N,VMPITZXILSNTON-UHFFFAOYSA-N,12.00699186
TOX-4901,,1-chloronaphthalene,7003,Clc1cccc2ccccc12,JTPNRXUCIXHOKM-UHFFFAOYSA-N,1.600100459
TOX-4932,QUINOLINE,quinoline,7047,c1ccc2ncccc2c1,SMWDFEZZVXVKRB-UHFFFAOYSA-N,38.03015858
TOX-4977,,4-phenylphenol,7103,Oc1ccc(-c2ccccc2)cc1,YXVFYQXJAXKLAK-UHFFFAOYSA-N,3.664251478
TOX-4982,,9H-xanthene,7107,c1ccc2c(c1)Cc1ccccc1O2,GJCOSYZMQJWQCA-UHFFFAOYSA-N,20.30467032
TOX-5078,,2-methylcyclohexan-1-ol,11418,Cc1ccccc1O,NDVWOBYBJYUSMF-UHFFFAOYSA-N,15.94513031
TOX-5080,,2-chloroaniline,7240,Nc1ccccc1Cl,AKCRQHGQIJBRMN-UHFFFAOYSA-N,0.441314864
TOX-5082,o-Toluidine,2-methylaniline,7242,Cc1ccccc1N,RNVCVTLRINQCPJ-UHFFFAOYSA-N,0.519986508
TOX-5085,,2-chlorophenol,7245,Oc1ccccc1Cl,ISPYQTSUDJAMAB-UHFFFAOYSA-N,7.431426401
TOX-5093,,"3,4-dichloroaniline",7257,Nc1ccc(Cl)c(Cl)c1,SDYWXFYBZPNOFX-UHFFFAOYSA-N,0.290095921
TOX-5097,,"2,5-dichloroaniline",7262,Nc1cc(Cl)ccc1Cl,AVYGCQXNNJPXSS-UHFFFAOYSA-N,2.921069042
TOX-5104,,,,,,2.367811624
TOX-5127,,imidazolidine-2-thione,2723650,S=C1NCCN1,PDQAZBWRQCGBEV-UHFFFAOYSA-N,26.38036403
TOX-5140,,"1-chloro-2,4-dinitrobenzene",6,O=[N+]([O-])c1ccc(Cl)c([N+](=O)[O-])c1,VYZAHLCBVHPDDF-UHFFFAOYSA-N,0.800815273
TOX-5160,Tetramethylthiuram monosulfide,"dimethylcarbamothioyl N,N-dimethylcarbamodithioate",7347,CN(C)C(=S)SC(=S)N(C)C,REQPQFUJGGOFQL-UHFFFAOYSA-N,2.903339446
TOX-5201,CUMENE,cumene,7406,CC(C)c1ccccc1,RWGFKTVRMDUZSP-UHFFFAOYSA-N,24.88102887
TOX-5210,NITROBENZENE,nitrobenzene,7416,O=[N+]([O-])c1ccccc1,LQNUZADURLCDLV-UHFFFAOYSA-N,26.99562778
TOX-5216,,1-methyl-3-nitrobenzene,7422,Cc1cccc([N+](=O)[O-])c1,QZYHIOPPLUPUJF-UHFFFAOYSA-N,11.48587393
TOX-5245,ALPHA-TERPINENE,"1-methyl-4-propan-2-ylcyclohexa-1,3-diene",7462,CC1=CC=C(C(C)C)CC1,YHQGMYUVUMAZJR-UHFFFAOYSA-N,1.850429982
TOX-5246,P-CYMENE,1-methyl-4-propan-2-ylbenzene,7463,Cc1ccc(C(C)C)cc1,HFPZCAJZSCWRBC-UHFFFAOYSA-N,6.498560021
TOX-5254,,1-methyl-4-nitrobenzene,7473,Cc1ccc([N+](=O)[O-])cc1,ZPTVNYMJQHSSEA-UHFFFAOYSA-N,11.94439742
TOX-5255,,1-chloro-4-nitrobenzene,7474,O=[N+]([O-])c1ccc(Cl)cc1,CZGCEKJOLUNIFY-UHFFFAOYSA-N,7.716467076
TOX-5257,,4-nitrophenol,980,O=[N+]([O-])c1ccc(O)cc1,BTJIUGUIPKRLHP-UHFFFAOYSA-N,11.78578056
TOX-5274,ETHYLBENZENE,ethylbenzene,7500,CCc1ccccc1,YNQLUTRBYVCPMQ-UHFFFAOYSA-N,18.40606748
TOX-5280,benzaldehyde,benzaldehyde,240,O=Cc1ccccc1,HUMNYLRZRPPJDN-UHFFFAOYSA-N,11.21494483
TOX-5310,Triclocarban,"1-(4-chlorophenyl)-3-(3,4-dichlorophenyl)urea",7547,O=C(Nc1ccc(Cl)cc1)Nc1ccc(Cl)c(Cl)c1,ICUTUKXCWQYESQ-UHFFFAOYSA-N,0.010498731
TOX-5335,DIPHENYL ETHER,phenoxybenzene,7583,c1ccc(Oc2ccccc2)cc1,USIUVYZYUHIAEV-UHFFFAOYSA-N,0.669861275
TOX-5348,Thiocarbanilide,"1,3-diphenylthiourea",700999,S=C(Nc1ccccc1)Nc1ccccc1,FCSHMCFRCYZTRQ-UHFFFAOYSA-N,67.06946376
TOX-5381,,bis(2-ethylhexyl) hexanedioate,7641,CCCCC(CC)COC(=O)CCCCC(=O)OCC(CC)CCCC,SAOKZLXYCUGLFA-UHFFFAOYSA-N,0.660549419
TOX-5405,,N-ethylcyclohexanamine,21609,CCNc1ccccc1,AGVKXDPPPSLISR-UHFFFAOYSA-N,0.441153295
TOX-5415,Phenylthiourea,phenylthiourea,676454,NC(=S)Nc1ccccc1,FULZLIGZKMKICU-UHFFFAOYSA-N,58.94837228
TOX-5454,p-Anisidine,4-methoxyaniline,7732,COc1ccc(N)cc1,BHAAPTBBJKJZER-UHFFFAOYSA-N,0.329939579
TOX-5471,ETHYL PROPIONATE,ethyl propanoate,7749,CCOC(=O)CC,FKRCODPIKNYEAC-UHFFFAOYSA-N,148.6460701
TOX-5482,,"1,3-diethylthiourea",2735009,CCNC(=S)NCC,FLVIGYVXZHLUHP-UHFFFAOYSA-N,192.8990096
TOX-5490,,"2,4-dimethylphenol",7771,Cc1ccc(O)c(C)c1,KUFFULVDNCHOFZ-UHFFFAOYSA-N,2.098597369
TOX-5518,P-XYLENE,"1,4-xylene",7809,Cc1ccc(C)cc1,URLKBWYHVLBVBO-UHFFFAOYSA-N,32.28203543
TOX-5521,,4-chloroaniline,7812,Nc1ccc(Cl)cc1,QSNSCYSYFYORTR-UHFFFAOYSA-N,0.0499745
TOX-5547,ACROLEIN,prop-2-enal,7847,C=CC=O,HGINCPLSRVDWNT-UHFFFAOYSA-N,0.082918835
TOX-5548,,propane-1-thiol,7848,CCCS,SUVIGLJNEAMWEG-UHFFFAOYSA-N,0.059941394
TOX-5551,,2-chloroethanol,34,OCCCl,SZIFAVKTNFCBPC-UHFFFAOYSA-N,210.789914
TOX-5554,ALLYLAMINE,prop-2-en-1-amine,7853,C=CCN,VVJKKWFAADXIJK-UHFFFAOYSA-N,42.51674839
TOX-5556,ACRYLONITRILE,prop-2-enenitrile,7855,C=CC#N,NLHHRLWOUZZQLW-UHFFFAOYSA-N,8.725038372
TOX-5558,,,,,,26.47735339
TOX-5593,,,,,,60.95721281
TOX-5604,DIISOPROPYLAMINE,N-propan-2-ylpropan-2-amine,7912,CC(C)NC(C)C,UAOMVDZJSHZZME-UHFFFAOYSA-N,447.8550709
TOX-5618,,3-methylcyclohexan-1-ol,11566,Cc1cccc(O)c1,HTSABYAWKQAHBT-UHFFFAOYSA-N,19.84394766
TOX-5620,,3-chloroaniline,7932,Nc1cccc(Cl)c1,PNPCRKVUWYDDST-UHFFFAOYSA-N,0.099942143
TOX-5622,m-Toluidine,3-methylaniline,7934,Cc1cccc(N)c1,JJYPMNFTHPTTDI-UHFFFAOYSA-N,0.729444704
TOX-5669,,"1,3-dibutylthiourea",2723622,CCCCNC(=S)NCCCC,KFFQABQEJATQAT-UHFFFAOYSA-N,33.03258537
TOX-5741,CYCLOHEXENE,cyclohexene,8079,C1=CCCCC1,HGCIXCUEYOPUTN-UHFFFAOYSA-N,9.409243301
TOX-5772,,,,,,110.0950955
TOX-5774,,1-chloro-2-(2-chloroethoxy)ethane,8115,ClCCOCCCl,ZNSMNVMLTJELDZ-UHFFFAOYSA-N,240.0857073
TOX-5787,,heptan-1-ol,8129,CCCCCCCO,BBMCTIGTTCKYKF-UHFFFAOYSA-N,67.95260778
TOX-5796,Diethylene glycol monoethyl ether,2-(2-ethoxyethoxy)ethanol,8146,CCOCCOCCO,XXJWXESWEXIICW-UHFFFAOYSA-N,3950.530506
TOX-5797,,1-chloro-2-(2-chloroethoxymethoxy)ethane,8147,ClCCOCOCCCl,NLXGURFLBLRZRO-UHFFFAOYSA-N,200.9654999
TOX-5811,TRIETHYLENE GLYCOL,2-[2-(2-hydroxyethoxy)ethoxy]ethanol,8172,OCCOCCOCCO,ZIBGPFATKBEMQZ-UHFFFAOYSA-N,45350.61707
TOX-5843,propoxur,(2-propan-2-yloxyphenyl) N-methylcarbamate,4944,CNC(=O)Oc1ccccc1OC(C)C,ISRUGXGCCGIOQO-UHFFFAOYSA-N,1.260796259
TOX-5853,endosulfan,"1,9,10,11,12,12-hexachloro-4,6-dioxa-5lambda4-thiatricyclo[7.2.1.02,8]dodec-10-ene 5-oxide",3224,O=S1OCC2C(CO1)C1(Cl)C(Cl)=C(Cl)C2(Cl)C1(Cl)Cl,RDYMFSUJUZBWLH-UHFFFAOYSA-N,0.30443024
TOX-5854,Bornate,"(1,7,7-trimethyl-2-bicyclo[2.2.1]heptanyl) 2-thiocyanatoacetate",8267,CC1(C)C2CCC1(C)C(OC(=O)CSC#N)C2,IXEVGHXRXDBAOB-UHFFFAOYSA-N,0.090102772
TOX-5867,Cyclohexyl diphenyl phosphate,cyclohexyl diphenyl phosphate,3034145,O=P(Oc1ccccc1)(Oc1ccccc1)Oc1ccccc1,CPKKNIYMTSBFIQ-UHFFFAOYSA-N,1.017490683
TOX-5882,TETRADIFON,"1,2,4-trichloro-5-(4-chlorophenyl)sulfonylbenzene",8305,O=S(=O)(c1ccc(Cl)cc1)c1cc(Cl)c(Cl)cc1Cl,MLGCXEBRWGEOQX-UHFFFAOYSA-N,6.925481891
TOX-5924,,"2,4,6-tribromophenol",1483,Oc1c(Br)cc(Br)cc1Br,BSWWXRFVMJHFBN-UHFFFAOYSA-N,0.041073849
TOX-5946,ISOQUINOLINE,isoquinoline,8405,c1ccc2cnccc2c1,AWJUIBRHMBBTKR-UHFFFAOYSA-N,25.12627081
TOX-5985,indole,1H-indole,798,c1ccc2[nH]ccc2c1,SIKJAQJRHWYJAI-UHFFFAOYSA-N,0.999407244
TOX-5991,,"1,2,4-trichlorobenzene",13,Clc1ccc(Cl)c(Cl)c1,PBKONEOXTCPAFI-UHFFFAOYSA-N,4.014551954
TOX-5992,,"2,4-dichlorophenol",8449,Oc1ccc(Cl)cc1Cl,HFZWRUODUSTPEG-UHFFFAOYSA-N,2.601283609
TOX-5996,,imidazolidin-2-one,8453,O=C1NCCN1,YAMHXTCMCPHKLN-UHFFFAOYSA-N,5596.966504
TOX-6004,,"1-methyl-2,4-dinitrobenzene",8461,Cc1ccc([N+](=O)[O-])cc1[N+](=O)[O-],RMBFBMJGBANMMK-UHFFFAOYSA-N,35.02526159
TOX-6023,,1-chloro-3-nitrobenzene,8489,O=[N+]([O-])c1cccc(Cl)c1,KMAQZIILEGKYQZ-UHFFFAOYSA-N,22.82540055
TOX-6027,,2-chloro-4-nitroaniline,8492,Nc1ccc([N+](=O)[O-])cc1Cl,LOCWBQIWHWIRGN-UHFFFAOYSA-N,5.597131354
TOX-6038,FENITROTHION,dimethoxy-(3-methyl-4-nitrophenoxy)-sulfanylidene-lambda5-phosphane,31200,COP(=S)(OC)Oc1ccc([N+](=O)[O-])c(C)c1,ZNOLGFHPUIJIMJ-UHFFFAOYSA-N,0.004896166
TOX-6156,TRIBUTYL PHOSPHATE,tributyl phosphate,31357,CCCCOP(=O)(OCCCC)OCCCC,STCOOQWBFONSKY-UHFFFAOYSA-N,3.650796072
TOX-6197,PYRENE,pyrene,31423,c1cc2ccc3cccc4ccc(c1)c2c34,BBEAQIROQSPTKN-UHFFFAOYSA-N,0.185732682
TOX-6218,Dimethyl phthalate,"dimethyl benzene-1,2-dicarboxylate",8554,COC(=O)c1ccccc1C(=O)OC,NIQCNGHVCWTJSM-UHFFFAOYSA-N,32.97649524
TOX-6239,dibenzothiophene,dibenzothiophene,3023,c1ccc2c(c1)sc1ccccc12,IYYZUPMFVPLQIF-UHFFFAOYSA-N,0.442009055
TOX-6377,ETHYL ACETATE,ethyl acetate,8857,CCOC(C)=O,XEKOWRVHYACXOJ-UHFFFAOYSA-N,736.2496498
TOX-6381,,2-sulfanylidene-1H-pyrimidin-4-one,1269845,O=c1cc[nH]c(=S)[nH]1,ZEMGGZBWXRYJHK-UHFFFAOYSA-N,7.704037898
TOX-6391,,"1,3-dichloropropane",8881,ClCCCCl,YHRUOJUYPBUZOS-UHFFFAOYSA-N,279.8992085
TOX-6405,Butyl ether,1-butoxybutane,8909,CCCCOCCCC,DURPTKYDGMDSBL-UHFFFAOYSA-N,25.98430113
TOX-6447,dinitolmide,"2-methyl-3,5-dinitrobenzamide",3092,Cc1c(C(N)=O)cc([N+](=O)[O-])cc1[N+](=O)[O-],ZEFNOZRLAWVAQF-UHFFFAOYSA-N,165.0027719
TOX-6456,,"3H-1,3-benzothiazole-2-thione",697993,S=c1[nH]c2ccccc2s1,YXIWHUQXZSMYRE-UHFFFAOYSA-N,5.36408858
TOX-6461,,3-methoxyphenol,9007,COc1cccc(O)c1,ASHGTJPOSUFTGB-UHFFFAOYSA-N,41.10661742
TOX-6524,FLUORANTHENE,fluoranthene,9154,c1ccc2c(c1)-c1cccc3cccc-2c13,GVEPBJHOBDJJJI-UHFFFAOYSA-N,0.111144591
TOX-6536,ACRIDINE,acridine,9215,c1ccc2nc3ccccc3cc2c1,DZBUGLKDJFMEHC-UHFFFAOYSA-N,2.298191812
TOX-6578,,dimethoxy-(4-nitrophenoxy)-sulfanylidene-lambda5-phosphane,4130,COP(=S)(OC)Oc1ccc([N+](=O)[O-])cc1,RLBIQVVOMOPOHC-UHFFFAOYSA-N,0.015286297
TOX-6644,PARAOXON,diethyl (4-nitrophenyl) phosphate,9395,CCOP(=O)(OCC)Oc1ccc([N+](=O)[O-])cc1,WYMSBXTXOHUIGT-UHFFFAOYSA-N,0.000189947
TOX-6734,diazinon,diethoxy-(6-methyl-2-propan-2-ylpyrimidin-4-yl)oxy-sulfanylidene-lambda5-phosphane,3017,CCOP(=S)(OCC)Oc1cc(C)nc(C(C)C)n1,FHIVAFMUCKRCQO-UHFFFAOYSA-N,0.002001581
TOX-7389,,2-sulfanylideneimidazolidin-4-one,1274030,O=C1CNC(=S)N1,UGWULZWUXSCWPX-UHFFFAOYSA-N,19.81444543
TOX-7413,CYANOGEN CHLORIDE,carbononitridic chloride,10477,N#CCl,QPJDMGCKMHUXFD-UHFFFAOYSA-N,0.04341734
TOX-7629,m-Anisidine,3-methoxyaniline,10824,COc1cccc(N)c1,NCBZRJODKRCREW-UHFFFAOYSA-N,0.280178184
TOX-7689,,"1,3-dichlorobenzene",10943,Clc1cccc(Cl)c1,ZPQOPVIELGIULI-UHFFFAOYSA-N,7.199750303
TOX-7784,,"2,4-dichloroaniline",11123,Nc1ccc(Cl)cc1Cl,KQCMTOWTPBNWDB-UHFFFAOYSA-N,0.59640575
TOX-7808,METHYL ISOTHIOCYANATE,methylimino(sulfanylidene)methane,11167,CN=C=S,LGDSHSYDSCRFAB-UHFFFAOYSA-N,0.279921581
TOX-7886,,"2,6-dimethylphenol",11335,Cc1cccc(C)c1O,NXXYKOUNUYWIHA-UHFFFAOYSA-N,11.19254693
TOX-7898,,2-ethylaniline,11357,CCc1ccccc1N,MLPVBIWIRCKMJV-UHFFFAOYSA-N,8.043238527
TOX-7943,TERPINOLENE,1-methyl-4-propan-2-ylidenecyclohexene,11463,CC1=CCC(=C(C)C)CC1,MOYAFQVGZZPNRA-UHFFFAOYSA-N,2.548429106
TOX-7959,,4-ethylaniline,11504,CCc1ccc(N)cc1,HRXZRAXKKNUKRF-UHFFFAOYSA-N,0.090039018
TOX-8056,Tribromoethylene,"1,1,2-tribromoethene",11712,BrC=C(Br)Br,OZVJKTHTULCNHB-UHFFFAOYSA-N,12.41136548
TOX-8058,,methylthiourea,2723704,CNC(N)=S,KQJQICVXLJTWQD-UHFFFAOYSA-N,9.505297871
TOX-8078,,"1-methyl-2,3-dinitrobenzene",11761,Cc1cccc([N+](=O)[O-])c1[N+](=O)[O-],DYSXLQBUUOPLBB-UHFFFAOYSA-N,0.659753173
TOX-8123,PENTACHLOROBENZENE,"1,2,3,4,5-pentachlorobenzene",11855,Clc1cc(Cl)c(Cl)c(Cl)c1Cl,CEOCDNVZRAIOQZ-UHFFFAOYSA-N,5.302260363
TOX-8124,,"3,4,5-trichlorophenol",11859,Oc1cc(Cl)c(Cl)c(Cl)c1,GBNHEBQXJVDXSW-UHFFFAOYSA-N,0.679747076
TOX-8264,benzyl isothiocyanate,isothiocyanatomethylbenzene,2346,S=C=NCc1ccccc1,MDKCFLQDBWCQCV-UHFFFAOYSA-N,0.043032634
TOX-8312,Ethylthiourea,ethylthiourea,3032338,CCNC(N)=S,GMEHFXXZSWDEDB-UHFFFAOYSA-N,13.98892537
TOX-8380,,"1,1,1,2-tetrachloroethane",12418,ClCC(Cl)(Cl)Cl,QVLAWKAXOMEXPM-UHFFFAOYSA-N,23.97684062
TOX-8394,,"1,1,3,3-tetramethylurea",12437,CN(C)C(=O)N(C)C,AVQQQNCBBIEMEU-UHFFFAOYSA-N,2897.721235
TOX-8405,,"1,2,3,5-tetrachlorobenzene",12468,Clc1cc(Cl)c(Cl)c(Cl)c1,QZYNWJQFTJXIRN-UHFFFAOYSA-N,1.589471489
TOX-8490,,,,,,55.99574872
TOX-8539,HEXAMETHYLPHOSPHORAMIDE,N-[bis(dimethylamino)phosphoryl]-N-methylmethanamine,12679,CN(C)P(=O)(N(C)C)N(C)C,GNOIPBMMFNIUFM-UHFFFAOYSA-N,6673.259376
TOX-8586,Diethylene glycol dinitrate,2-(2-nitrooxyethoxy)ethyl nitrate,61198,O=[N+]([O-])OCCOCCO[N+](=O)[O-],LYAGTVMJGHTIDH-UHFFFAOYSA-N,90.05789354
TOX-8665,propanil,"N-(3,4-dichlorophenyl)propanamide",4933,CCC(=O)Nc1ccc(Cl)c(Cl)c1,LFULEKSKNZEWOE-UHFFFAOYSA-N,5.007442125
TOX-9108,,1-methylpyrrolidin-2-one,13387,CN1CCCC1=O,SECXISVLQFMRJM-UHFFFAOYSA-N,1.230849649
TOX-9309,,"2,3,5,6-tetrachlorophenol",13636,Oc1c(Cl)c(Cl)cc(Cl)c1Cl,KEWNKZNZRIAIAK-UHFFFAOYSA-N,0.570558985
TOX-9347,Fonofos,ethoxy-ethyl-phenylsulfanyl-sulfanylidene-lambda5-phosphane,13676,CCOP(=S)(CC)Sc1ccccc1,KVGLBTYUCJYMND-UHFFFAOYSA-N,0.002700626
TOX-9564,Simetryn,"2-N,4-N-diethyl-6-methylsulfanyl-1,3,5-triazine-2,4-diamine",13905,CCNc1nc(NCC)nc(SC)n1,MGLWZSOBALDPEK-UHFFFAOYSA-N,50.00473335
TOX-9600,HEPTACHLOR EPOXIDE,"1,6,8,9,10,11,11-heptachloro-4-oxatetracyclo[6.2.1.02,7.03,5]undec-9-ene",13930,ClC1=C(Cl)C2(Cl)C3C4OC4C(Cl)C3C1(Cl)C2(Cl)Cl,ZXFXBSWRVIQKOD-UHFFFAOYSA-N,0.240040434
TOX-9612,ENDOSULFAN SULFATE,"1,9,10,11,12,12-hexachloro-4,6-dioxa-5lambda6-thiatricyclo[7.2.1.02,8]dodec-10-ene 5,5-dioxide",13940,O=S1(=O)OCC2C(CO1)C1(Cl)C(Cl)=C(Cl)C2(Cl)C1(Cl)Cl,AAPVQEMYVNZIOO-UHFFFAOYSA-N,2.119519835
TOX-9719,glyphosate,2-(phosphonomethylamino)acetic acid,3496,O=C(O)CNCP(=O)(O)O,XDDAORKBJWWYJS-UHFFFAOYSA-N,20.89616326
TOX-10173,,butylthiourea,1551919,CCCCNC(N)=S,GMEGXJPUFRVCPX-UHFFFAOYSA-N,18.72104115
TOX-10237,,4-chloro-2-methylphenol,14855,Cc1cc(Cl)ccc1O,RHPUJHQBPORFGV-UHFFFAOYSA-N,0.289773529
TOX-10251,trifluralin,"2,6-dinitro-N,N-dipropyl-4-(trifluoromethyl)aniline",5569,CCCN(CCC)c1c([N+](=O)[O-])cc(C(F)(F)F)cc1[N+](=O)[O-],ZSDSQXJSNMTJDA-UHFFFAOYSA-N,0.192933591
TOX-10672,Chlornitrofen,"1,3,5-trichloro-2-(4-nitrophenoxy)benzene",15788,O=[N+]([O-])c1ccc(Oc2c(Cl)cc(Cl)cc2Cl)cc1,XQNAUQUKWRBODG-UHFFFAOYSA-N,0.42374983
TOX-10767,CHLOROTHALONIL,"2,4,5,6-tetrachlorobenzene-1,3-dicarbonitrile",15910,N#Cc1c(Cl)c(Cl)c(Cl)c(C#N)c1Cl,CRQQGFGUEAVUIL-UHFFFAOYSA-N,0.16133119
TOX-10835,PICLORAM,"4-amino-3,5,6-trichloropyridine-2-carboxylic acid",15965,Nc1c(Cl)c(Cl)nc(C(=O)O)c1Cl,NQQVFXUMIDALNH-UHFFFAOYSA-N,50.68939819
TOX-10960,CHLOROXURON,"3-[4-(4-chlorophenoxy)phenyl]-1,1-dimethylurea",16115,CN(C)C(=O)Nc1ccc(Oc2ccc(Cl)cc2)cc1,IVUXTESCPZUGJC-UHFFFAOYSA-N,2.947845963
TOX-11510,,2-isothiocyanatoethylbenzene,16741,S=C=NCCc1ccccc1,IZJDOKYDEWTZSO-UHFFFAOYSA-N,0.129965052
TOX-11597,TRIMETHYLTHIOUREA,"1,1,3-trimethylthiourea",2779938,CNC(=S)N(C)C,JAEZSIYNWDWMMN-UHFFFAOYSA-N,770.2245844
TOX-11691,TETRACHLOROGUAIACOL,"2,3,4,5-tetrachloro-6-methoxyphenol",17343,COc1c(O)c(Cl)c(Cl)c(Cl)c1Cl,YZZVKLJKDFFSFL-UHFFFAOYSA-N,0.14000247
TOX-11711,Tetrapropylthioperoxydicarbamic acid,"dipropylcarbamothioylsulfanyl N,N-dipropylcarbamodithioate",17368,CCCN(CCC)C(=S)SSC(=S)N(CCC)CCC,ICEXLMACENYGPP-UHFFFAOYSA-N,0.229829388
TOX-11929,,"2-(2,4-dichlorophenoxy)acetic acid",1486,O=C(O)COc1ccc(Cl)cc1Cl,OVSKIKFHRZPJSS-UHFFFAOYSA-N,70.0569335
TOX-12028,TETRAMETHYLTHIOUREA,"1,1,3,3-tetramethylthiourea",17725,CN(C)C(=S)N(C)C,MNOILHPDHOHILI-UHFFFAOYSA-N,769.7152621
TOX-12260,chlorpyrifos,"diethoxy-sulfanylidene-(3,5,6-trichloropyridin-2-yl)oxy-lambda5-phosphane",2730,CCOP(=S)(OCC)Oc1nc(Cl)c(Cl)cc1Cl,SBPBAQFWLVIOKP-UHFFFAOYSA-N,0.000999567
TOX-12971,,1-chloro-4-[1-(4-chlorophenyl)ethyl]benzene,19076,CC(c1ccc(Cl)cc1)c1ccc(Cl)cc1,KTEARTXATWOYDB-UHFFFAOYSA-N,0.034982175
TOX-13550,BITOSCANATE,"1,4-diisothiocyanatobenzene",19958,S=C=Nc1ccc(N=C=S)cc1,OMWQUXGVXQELIX-UHFFFAOYSA-N,0.077086705
TOX-14367,NITRILOTRIACETIC ACID,2-[bis(carboxymethyl)amino]acetic acid,8758,O=C(O)CN(CC(=O)O)CC(=O)O,MGFYIUFZLHCRTH-UHFFFAOYSA-N,351.0358581
TOX-14587,Ecdysterone,"2,3,14-trihydroxy-10,13-dimethyl-17-(2,3,6-trihydroxy-6-methylheptan-2-yl)-2,3,4,5,9,11,12,15,16,17-decahydro-1H-cyclopenta[a]phenanthren-6-one",271605,CC(C)(O)CCC(O)C(C)(O)C1CCC2(O)C3=CC(=O)C4CC(O)C(O)CC4(C)C3CCC12C,NKDFYOWSKOHCCO-UHFFFAOYSA-N,2.459143468
TOX-15850,Methylene dithiocyanate,thiocyanatomethyl thiocyanate,22772,N#CSCSC#N,JWZXKXIUSSIAMR-UHFFFAOYSA-N,0.073048463
TOX-17426,methamidophos,[amino(methylsulfanyl)phosphoryl]oxymethane,4096,COP(N)(=O)SC,NNKVPIKMPCQWCG-UHFFFAOYSA-N,0.034010995
TOX-17849,chlordane,"1,3,4,7,8,9,10,10-octachlorotricyclo[5.2.1.02,6]dec-8-ene",5993,ClC1=C(Cl)C2(Cl)C3C(Cl)C(Cl)CC3C1(Cl)C2(Cl)Cl,BIWJNBZANLAXMG-UHFFFAOYSA-N,0.098304196
TOX-19588,Cartap,S-[3-carbamoylsulfanyl-2-(dimethylamino)propyl] carbamothioate,27159,CN(C)C(CSC(N)=O)CSC(N)=O,IRUJZVNXZWPBMU-UHFFFAOYSA-N,0.010006858
TOX-24515,,"(5-benzylfuran-3-yl)methyl 3-(cyclopentylidenemethyl)-2,2-dimethylcyclopropane-1-carboxylate",31175,CC1(C)C(C=C2CCCC2)C1C(=O)OCc1coc(Cc2ccccc2)c1,MGRRXBWTLBJEMS-UHFFFAOYSA-N,0.002498607
TOX-25233,Thiophanate-methyl,methyl N-[[2-(methoxycarbonylcarbamothioylamino)phenyl]carbamothioyl]carbamate,3032791,COC(=O)NC(=S)Nc1ccccc1NC(=S)NC(=O)OC,QGHREAKMXXNCOA-UHFFFAOYSA-N,16.01525493
TOX-26926,,1-chloro-2-phenylbenzene,249266,Clc1ccccc1-c1ccccc1,LAXBNTIAOJWAOP-UHFFFAOYSA-N,0.710652044
TOX-28023,Pirimiphos-methyl,"4-dimethoxyphosphinothioyloxy-N,N-diethyl-6-methylpyrimidin-2-amine",34526,CCN(CC)c1nc(C)cc(OP(=S)(OC)OC)n1,QHOQHJPRIBSPCY-UHFFFAOYSA-N,0.000214182
TOX-29953,Endodan,"5,6-dihydroimidazo[2,1-c][1,2,4]dithiazole-3-thione",36603,S=C1SSC2=NCCN12,BFTGQIQVUVTBJU-UHFFFAOYSA-N,0.210016063
TOX-30604,DIFLUBENZURON,"N-[(4-chlorophenyl)carbamoyl]-2,6-difluorobenzamide",37123,O=C(NC(=O)c1c(F)cccc1F)Nc1ccc(Cl)cc1,QQQYTWIFVNKMRW-UHFFFAOYSA-N,0.004480363
TOX-34924,metolachlor,2-chloro-N-(2-ethyl-6-methylphenyl)-N-(1-methoxypropan-2-yl)acetamide,4169,CCc1cccc(C)c1N(C(=O)CCl)C(C)COC,WVQBLGZPHOPPFO-UHFFFAOYSA-N,13.00160262
TOX-34958,HEXAZINONE,"3-cyclohexyl-6-(dimethylamino)-1-methyl-1,3,5-triazine-2,4-dione",39965,CN(C)c1nc(=O)n(C2CCCCC2)c(=O)n1C,CAWXEEYDBZRFPE-UHFFFAOYSA-N,152.0318092
TOX-35367,cypermethrin,"[cyano-(3-phenoxyphenyl)methyl] 3-(2,2-dichloroethenyl)-2,2-dimethylcyclopropane-1-carboxylate",2912,CC1(C)C(C=C(Cl)Cl)C1C(=O)OC(C#N)c1cccc(Oc2ccccc2)c1,KAATUXNTWXVJKI-UHFFFAOYSA-N,0.000360086
TOX-38153,,"3,4,5-trichloro-2-methoxyphenol",42115,COc1c(O)cc(Cl)c(Cl)c1Cl,RKEHLKXRUVUBJN-UHFFFAOYSA-N,0.729426271
TOX-38205,Diisotridecylamine,11-methyl-N-(11-methyldodecyl)dodecan-1-amine,92691,CC(C)CCCCCCCCCCNCCCCCCCCCCC(C)C,YOFPVMWVLDSWKR-UHFFFAOYSA-N,0.110846494
TOX-38698,METALAXYL,"methyl 2-(N-(2-methoxyacetyl)-2,6-dimethylanilino)propanoate",42586,COCC(=O)N(c1c(C)cccc1C)C(C)C(=O)OC,ZQEIXNIJLIKNTD-UHFFFAOYSA-N,51.5368157
TOX-39863,PROPICONAZOLE,"1-[[2-(2,4-dichlorophenyl)-4-propyl-1,3-dioxolan-2-yl]methyl]-1,2,4-triazole",43234,CCCC1COC(Cn2cncn2)(c2ccc(Cl)cc2Cl)O1,STJLVHWMYQXCPB-UHFFFAOYSA-N,6.52048958
TOX-46567,CYFLUTHRIN,"[cyano-(4-fluoro-3-phenoxyphenyl)methyl] 3-(2,2-dichloroethenyl)-2,2-dimethylcyclopropane-1-carboxylate",104926,CC1(C)C(C=C(Cl)Cl)C1C(=O)OC(C#N)c1ccc(F)c(Oc2ccccc2)c1,QQODLKZGRKWIFG-UHFFFAOYSA-N,0.000599501
TOX-46843,M-XYLENE,"1,3-xylene",7929,Cc1cccc(C)c1,IVSZLXZYQVIEFR-UHFFFAOYSA-N,36.2210395
TOX-60035,Fosthiazate,"3-[butan-2-ylsulfanyl(ethoxy)phosphoryl]-1,3-thiazolidin-2-one",91758,CCOP(=O)(SC(C)CC)N1CCSC1=O,DUFVKSUJRWYZQP-UHFFFAOYSA-N,0.659781214
TOX-72358,,2-ethylhexyl diphenyl phosphate,14716,CCCCC(CC)COP(=O)(Oc1ccccc1)Oc1ccccc1,CGSLYBDCEGBZCG-UHFFFAOYSA-N,0.150033517
TOX-72534,DIISOPROPYL METHYLPHOSPHONATE,2-[methyl(propan-2-yloxy)phosphoryl]oxypropane,3073,CC(C)OP(C)(=O)OC(C)C,WOAFDHWYKSOANX-UHFFFAOYSA-N,267.1201086
TOX-72558,triallate,"S-(2,3,3-trichloroprop-2-enyl) N,N-di(propan-2-yl)carbamothioate",5543,CC(C)N(C(=O)SCC(Cl)=C(Cl)Cl)C(C)C,MWBPRDONLNQCFV-UHFFFAOYSA-N,0.056999659
TOX-72572,,"2-methyl-4,6-dinitrophenol",10800,Cc1cc([N+](=O)[O-])cc([N+](=O)[O-])c1O,ZXVONLUNISGICL-UHFFFAOYSA-N,3.198530082
TOX-73197,Sulfotep,diethoxyphosphinothioyloxy-diethoxy-sulfanylidene-lambda5-phosphane,19395,CCOP(=S)(OCC)OP(=S)(OCC)OCC,XIUROWKZWPIAIB-UHFFFAOYSA-N,0.000229752
TOX-75398,fenvalerate,[cyano-(3-phenoxyphenyl)methyl] 2-(4-chlorophenyl)-3-methylbutanoate,3347,CC(C)C(C(=O)OC(C#N)c1cccc(Oc2ccccc2)c1)c1ccc(Cl)cc1,NYPJDWWKZLNGGM-UHFFFAOYSA-N,0.004296809
TOX-80688,Cybutryne,"2-N-tert-butyl-4-N-cyclopropyl-6-methylsulfanyl-1,3,5-triazine-2,4-diamine",91590,CSc1nc(NC2CC2)nc(NC(C)(C)C)n1,HDHLIWCXDDZUFH-UHFFFAOYSA-N,8.293829276
TOX-80827,,"N,N-diphenylnitrous amide",6838,O=NN(c1ccccc1)c1ccccc1,UBUCNCOMADRQHX-UHFFFAOYSA-N,7.800946003
TOX-80834,,benzene,241,c1ccccc1,UHOVQNZJYSORNB-UHFFFAOYSA-N,266.5057833
TOX-80942,,"1,2-dichloro-3-nitrobenzene",18555,O=[N+]([O-])c1cccc(Cl)c1Cl,CMVQZRLQEOAYSW-UHFFFAOYSA-N,4.532119251
TOX-80943,,"2,4-dichloro-1-nitrobenzene",11899,O=[N+]([O-])c1ccc(Cl)cc1Cl,QUIMTLZDMCNYGY-UHFFFAOYSA-N,4.200504252
TOX-80987,o-cresol,2-methylphenol,335,Cc1ccccc1O,QWVGKYWNOKOFNN-UHFFFAOYSA-N,15.10032746
TOX-81006,O-XYLENE,"1,2-xylene",7237,Cc1ccccc1C,CTQNGGLPUBDAKN-UHFFFAOYSA-N,17.21713599
TOX-81058,,"(E)-1,2-dichloroethene",638186,Cl/C=C/Cl,KFUSEUYYWQURPO-OWOJBTEDSA-N,220.0406481
TOX-81212,Azoxystrobin,methyl (E)-2-[2-[6-(2-cyanophenoxy)pyrimidin-4-yl]oxyphenyl]-3-methoxyprop-2-enoate,3034285,CO/C=C(/C(=O)OC)c1ccccc1Oc1cc(Oc2ccccc2C#N)ncn1,WFDXOXNFNRHQEC-GHRIWEEISA-N,0.098115155
TOX-81326,ANILINE,aniline,6115,Nc1ccccc1,PAYRUJLWNCNPSJ-UHFFFAOYSA-N,0.359823483
TOX-81337,,2-phenylphenol,7017,Oc1ccccc1-c1ccccc1,LLEMOWNGBBNAJR-UHFFFAOYSA-N,0.709553214
TOX-81339,,"2,6-dichlorobenzamide",16183,NC(=O)c1c(Cl)cccc1Cl,JHSPCUHPSIUQRB-UHFFFAOYSA-N,856.641902
TOX-81466,,3-iodoprop-2-ynyl N-butylcarbamate,62097,CCCCNC(=O)OCC#CI,WYVVKGNFXHOCQV-UHFFFAOYSA-N,0.039980231
TOX-81649,ALDICARB SULFONE,[(Z)-(2-methyl-2-methylsulfonylpropylidene)amino] N-methylcarbamate,5368053,CNC(=O)O/N=C/C(C)(C)S(C)(=O)=O,YRRKLBAKDXSTNC-UITAMQMPSA-N,0.279808698
TOX-81699,,"1,2-dimethyl-4-nitrobenzene",7440,Cc1ccc([N+](=O)[O-])cc1C,HFZKOYWDLDYELC-UHFFFAOYSA-N,16.011683
TOX-81700,,"1,2-dimethyl-3-nitrobenzene",6739,Cc1cccc([N+](=O)[O-])c1C,FVHAWXWFPBPFOS-UHFFFAOYSA-N,4.201812641
TOX-81912,,1-bromo-4-phenoxybenzene,7565,Brc1ccc(Oc2ccccc2)cc1,JDUYPUMQALQRCN-UHFFFAOYSA-N,0.189833881
TOX-82089,BIFENTHRIN,"(2-methyl-3-phenylphenyl)methyl 3-[(Z)-2-chloro-3,3,3-trifluoroprop-1-enyl]-2,2-dimethylcyclopropane-1-carboxylate",5281872,Cc1c(COC(=O)C2C(/C=C(\Cl)C(F)(F)F)C2(C)C)cccc1-c1ccccc1,OMFRMAHOUUJSGP-UNOMPAQXSA-N,0.001991764
TOX-82130,,"1,3-dimethylthiourea",2723631,CNC(=S)NC,VLCDUOXHFNUCKK-UHFFFAOYSA-N,16.51141728
TOX-82316,,"1,2-diphenylhydrazine",31222,c1ccc(NNc2ccccc2)cc1,YBQZXXMEJHZYMB-UHFFFAOYSA-N,4.096227086
TOX-82318,Imidacloprid,(NZ)-N-[1-[(6-chloropyridin-3-yl)methyl]imidazolidin-2-ylidene]nitramide,135541675,O=[N+]([O-])/N=C1\NCCN1Cc1ccc(Cl)nc1,YWTYJOPNNQFBPC-UHFFFAOYSA-N,17.36451207
TOX-82597,Tebufenozide,"N-tert-butyl-N'-(4-ethylbenzoyl)-3,5-dimethylbenzohydrazide",91773,CCc1ccc(C(=O)NN(C(=O)c2cc(C)cc(C)c2)C(C)(C)C)cc1,QYPNKSZPJQQLRK-UHFFFAOYSA-N,17.38436858
TOX-82834,ANETHOLE,1-methoxy-4-[(E)-prop-1-enyl]benzene,637563,C/C=C/c1ccc(OC)cc1,RUVINXPYWBROJD-ONEGZZNKSA-N,0.006821004
TOX-82893,TRIPHENYL PHOSPHATE,triphenyl phosphate,8289,O=P(Oc1ccccc1)(Oc1ccccc1)Oc1ccccc1,XZZNDPSIHUTMOC-UHFFFAOYSA-N,0.999118898
TOX-83002,,"[(S)-cyano-(3-phenoxyphenyl)methyl] (1S,3S)-3-[(Z)-2-chloro-3,3,3-trifluoroprop-1-enyl]-2,2-dimethylcyclopropane-1-carboxylate",6440556,CC1(C)[C@H](/C=C(\Cl)C(F)(F)F)[C@@H]1C(=O)O[C@H](C#N)c1cccc(Oc2ccccc2)c1,ZXQYGBMAQZUVMI-HQMWCCLBSA-N,0.026978596
TOX-83005,,"pentane-2,4-dione",31261,CC(=O)CC(C)=O,YRKCREAYFQTBPV-UHFFFAOYSA-N,1280.916562
TOX-83166,m-cresol,3-methylphenol,342,Cc1cccc(O)c1,RLSSMJSEOOYNOY-UHFFFAOYSA-N,18.79257816
TOX-83472,DECANE,decane,15600,CCCCCCCCCC,DIOQZVSQGTUSAI-UHFFFAOYSA-N,17.99466875
TOX-83832,ETHOPABATE,methyl 4-acetamido-2-ethoxybenzoate,6034,CCOc1cc(NC(C)=O)ccc1C(=O)OC,GOVWOKSKFSBNGD-UHFFFAOYSA-N,200.0812173
TOX-83845,Methoprene,"propan-2-yl (2E,4E)-11-methoxy-3,7,11-trimethyldodeca-2,4-dienoate",5366546,COC(C)(C)CCCC(C)C/C=C/C(C)=C/C(=O)OC(C)C,NFGXHKASABOEEW-LDRANXPESA-N,1.040067928
TOX-83890,deltamethrin,"[(S)-cyano-(3-phenoxyphenyl)methyl] (1R,3R)-3-(2,2-dibromoethenyl)-2,2-dimethylcyclopropane-1-carboxylate",40585,CC1(C)[C@@H](C=C(Br)Br)[C@H]1C(=O)O[C@H](C#N)c1cccc(Oc2ccccc2)c1,OWZREIFADZCYQD-NSHGMRRFSA-N,4.36E-05
TOX-83895,,N-ethylaniline,7670,CCNc1ccccc1,OJGMBLNIHDZDGS-UHFFFAOYSA-N,0.420175715
TOX-83938,,chlorobenzene,7964,Clc1ccccc1,MVPPADPHJFYWMZ-UHFFFAOYSA-N,13.01204329
TOX-84077,dibenzofuran,dibenzofuran,568,c1ccc2c(c1)oc1ccccc12,TXCDCPKCNAJMEE-UHFFFAOYSA-N,1.701375876
TOX-84105,ESFENVALERATE,[(S)-cyano-(3-phenoxyphenyl)methyl] (2S)-2-(4-chlorophenyl)-3-methylbutanoate,10342051,CC(C)[C@H](C(=O)O[C@H](C#N)c1cccc(Oc2ccccc2)c1)c1ccc(Cl)cc1,NYPJDWWKZLNGGM-RPWUZVMVSA-N,0.000269864
TOX-84658,Metalaxyl-M,"methyl (2R)-2-(N-(2-methoxyacetyl)-2,6-dimethylanilino)propanoate",11150163,COCC(=O)N(c1c(C)cccc1C)[C@H](C)C(=O)OC,ZQEIXNIJLIKNTD-GFCCVEGCSA-N,41.89070616
TOX-84739,,1-chloro-4-phenylbenzene,16323,Clc1ccc(-c2ccccc2)cc1,FPWNLURCHDRMHC-UHFFFAOYSA-N,0.420394291
TOX-86034,,[(Z)-(2-methyl-2-methylsulfanylpropylidene)amino] N-methylcarbamate,5353395,CNC(=O)O/N=C/C(C)(C)SC,QGLZXHRNAYXIBU-UITAMQMPSA-N,0.582599917
TOX-86753,,4-chloro-1-methyl-2-nitrobenzene,6975,Cc1ccc(Cl)cc1[N+](=O)[O-],SQFLFRQWPBEDHM-UHFFFAOYSA-N,9.29965556
TOX-87489,,"2,2,2-trichloroethanol",8259,OCC(Cl)(Cl)Cl,KPWDGTGXUYRARH-UHFFFAOYSA-N,148.0303267
TOX-87607,,"2,3,4-trichloroaniline",12464,Nc1ccc(Cl)c(Cl)c1Cl,RRJUYQOFOMFVQS-UHFFFAOYSA-N,0.730067061
TOX-88450,Ethyl isothiocyanate,isothiocyanatoethane,10966,CCN=C=S,HBNYJWAFDZLWRS-UHFFFAOYSA-N,0.429800772
TOX-91011,Butyl isothiocyanate,1-isothiocyanatobutane,11613,CCCCN=C=S,LIMQQADUEULBSO-UHFFFAOYSA-N,0.429984182
TOX-91388,,"2,6-dimethylquinoline",13414,Cc1ccc2nc(C)ccc2c1,JJPSZKIOGBRMHK-UHFFFAOYSA-N,37.97345103
TOX-91598,,"2,4-dichloro-6-methylphenol",15292,Cc1cc(Cl)cc(Cl)c1O,WJQZZLQMLJPKQH-UHFFFAOYSA-N,0.429558717
TOX-91738,,"1,3-dichloro-5-nitrobenzene",12064,O=[N+]([O-])c1cc(Cl)cc(Cl)c1,RNABGKOKSBUFHW-UHFFFAOYSA-N,7.504145199
TOX-92356,Benzoyl isothiocyanate,benzoyl isothiocyanate,68284,O=C(N=C=S)c1ccccc1,CPEKAXYCDKETEN-UHFFFAOYSA-N,1.89985368
TOX-94706,,"(E)-1,3-dichloroprop-1-ene",24726,Cl/C=C/CCl,UOORRWUZONOOLO-OWOJBTEDSA-N,4.499926146
TOX-107546,Chlorfenvinphos,"[(E)-2-chloro-1-(2,4-dichlorophenyl)ethenyl] diethyl phosphate",5377791,CCOP(=O)(OCC)O/C(=C/Cl)c1ccc(Cl)cc1Cl,FSAVDKDHPDSCTO-XYOKQWHBSA-N,1.357749911
TOX-107709,,"(6R)-16,17-dimethoxy-6-prop-1-en-2-yl-2,7,20-trioxapentacyclo[11.8.0.03,11.04,8.014,19]henicosa-3(11),4(8),9,14,16,18-hexaen-12-one",10023540,C=C(C)[C@H]1Cc2c(ccc3c2OC2COc4cc(OC)c(OC)cc4C2C3=O)O1,JUVIOZPCNVVQFO-YMTQGWHGSA-N,0.003697745
TOX-107733,Pyrethrin,"[2-methyl-4-oxo-3-[(2E)-penta-2,4-dienyl]cyclopent-2-en-1-yl] 3-[(E)-3-methoxy-2-methyl-3-oxoprop-1-enyl]-2,2-dimethylcyclopropane-1-carboxylate",5371904,C=C/C=C/CC1=C(C)C(OC(=O)C2C(/C=C(\C)C(=O)OC)C2(C)C)CC1=O,VJFUPGQZSXIULQ-VKTMSVCMSA-N,0.016987371
TOX-107823,,"(1R,4aS)-1,4a-dimethyl-7-propan-2-yl-2,3,4,9,10,10a-hexahydrophenanthrene-1-carboxylic acid",5316430,CC(C)c1ccc2c(c1)CCC1[C@]2(C)CCC[C@@]1(C)C(=O)O,NFWKVWVWBFBAOV-IPNZSQQUSA-N,8.27370493
TOX-108099,Endosulfan B,"(2R,8S)-1,9,10,11,12,12-hexachloro-4,6-dioxa-5lambda4-thiatricyclo[7.2.1.02,8]dodec-10-ene 5-oxide",12309466,O=S1OC[C@@H]2[C@H](CO1)C1(Cl)C(Cl)=C(Cl)C2(Cl)C1(Cl)Cl,RDYMFSUJUZBWLH-MDBBVBRHSA-N,1.518754892
TOX-108221,TRALOMETHRIN,,48132,CC1(C)[C@@H](C(Br)C(Br)(Br)Br)[C@H]1C(=O)O[C@H](C#N)c1cccc(Oc2ccccc2)c1,YWSCPYYRJXKUDB-KAKFPZCNSA-N,7.55E-05
TOX-108249,Paclobutrazol,,73671,CC(C)(C)[C@H](O)[C@H](Cc1ccc(Cl)cc1)n1cncn1,RMOGWMIKYWRTKW-UONOGXRCSA-N,28.71023909
TOX-108285,lambda-Cyhalothrin,,6435500,CC1(C)[C@@H](/C=C(\Cl)C(F)(F)F)[C@H]1C(=O)OC(C#N)c1cccc(Oc2ccccc2)c1,ZXQYGBMAQZUVMI-QQDHXZELSA-N,0.001039967
TOX-108389,Robenidine,,38988396,N=C(N/N=C/c1ccc(Cl)cc1)N/N=C/c1ccc(Cl)cc1,MOOFYEJFXBSZGE-QJUDHZBZSA-N,0.074990499
TOX-108403,,,5317221,C[C@]12CCC3c4ccc(O)cc4CCC3C1CC[C@@H]2O,VOXZDWNPVJITMN-PAOLREHBSA-N,2.973084161
TOX-108404,,,61099,CCC(O)C(C)CO,SPXWGAHNKXLXAP-UHFFFAOYSA-N,6862.894702
TOX-108405,,,13898,O=S1c2ccccc2-c2ccccc21,NGDPCAMPVQYGCW-UHFFFAOYSA-N,19.97994608
TOX-108406,Diathymosulfone,,208828,Cc1cc(O)c(C(C)C)cc1N=Nc1ccc(S(=O)(=O)c2ccc(N=Nc3cc(C(C)C)c(O)cc3C)cc2)cc1,KHFUQWURHSKTPO-UHFFFAOYSA-N,2.072085981
TOX-108407,Benzo[b]thiophene,,7221,c1ccc2sccc2c1,FCEHBMOGCRZNNI-UHFFFAOYSA-N,58.98647121
TOX-108408,BROMOCYCLOHEXANE,,7960,BrC1CCCCC1,AQNQQHJNRPDOQV-UHFFFAOYSA-N,21.00619235
TOX-108409,,,268932,c1ccc2c(c1)ccc1oc3ccccc3c12,XVWNNQQHTXDOLJ-UHFFFAOYSA-N,3.999026227
TOX-108410,,,9151,c1ccc2c(c1)ccc1sc3ccccc3c12,XZUMOEVHCZXMTR-UHFFFAOYSA-N,0.220177172
TOX-108411,,,12466,Nc1cc(Cl)c(Cl)c(Cl)c1Cl,GBKZRUCVLTWAML-UHFFFAOYSA-N,0.640359317
TOX-108412,,,12487,Nc1cc(Cl)c(Cl)cc1Cl,GUMCAKKKNKYFEB-UHFFFAOYSA-N,3.399088363
TOX-108413,,,69997,O=S1(=O)C=Cc2ccccc21,FRJNKYGTHPUSJR-UHFFFAOYSA-N,14.0162269
TOX-108414,,,73817,Cc1csc2ccccc12,SEBRPHZZSLCDRQ-UHFFFAOYSA-N,2.599777068
TOX-108415,,,17097,Clc1ccc(-c2ccc(Cl)cc2Cl)c(Cl)c1,QORAVNMWUNPXAO-UHFFFAOYSA-N,0.030018083
TOX-108416,,,17577,COc1cc(Cl)c(Cl)c(Cl)c1O,NIAJPNQTKGWEOI-UHFFFAOYSA-N,0.959359545
TOX-108417,,,2063659,CCNC(=S)Nc1ccccc1,OROCFDLTBPBLFS-UHFFFAOYSA-N,80.15367859
TOX-108418,L-Dithiothreitol,,439196,O[C@@H](CS)[C@@H](O)CS,VHJLVAABSRFDPM-IMJSIDKUSA-N,27.00013441
TOX-108419,,,723631,CN(C(N)=S)c1ccccc1,MCWZNJNWGQPUGL-UHFFFAOYSA-N,96.33002078
TOX-108420,,,3034192,CN(C)C(N)=S,ZQGWBPQBZHMUFG-UHFFFAOYSA-N,41.95506064
TOX-108421,azadirachtin,,5353424,C/C=C(\C)C(=O)OC1CC(OC(C)=O)C2(C(=O)OC)COC3C2C12COC(O)(C(=O)OC)C2C(C)(C12OC1(C)C1CC2OC2OC=CC21O)C3O,FTNJWQUOZFUQQJ-OVCLIPMQSA-N,0.621948496
TOX-108422,,,84346,Cc1ccc2sccc2c1,DOHZWDWNQFZIKH-UHFFFAOYSA-N,13.99381115
TOX-108423,,,27514,Clc1cc(Cl)c(-c2ccccc2)cc1Cl,VGVIKVCCUATMNG-UHFFFAOYSA-N,0.589898556
TOX-108424,Deethylterbutryne,,13019211,CSc1nc(N)nc(NC(C)(C)C)n1,MWWBDLRPMWTLRX-UHFFFAOYSA-N,10.99033969
TOX-108425,,,16322,Clc1cccc(-c2ccccc2)c1,NMWSKOLWZZWHPL-UHFFFAOYSA-N,0.430186334
